
id,first_name,last_name,email,gender
1,Charyl,Giannotti,cgiannotti0@dion.ne.jp,Female
2,Zondra,Yard,zyard1@hexun.com,Female
3,Lebbie,Netherclift,lnetherclift2@t-online.de,Genderfluid
4,Rhonda,O'Daly,rodaly3@wikia.com,Bigender
5,Rudolf,Pickthall,rpickthall4@microsoft.com,Genderfluid
6,Lurleen,Nafzger,lnafzger5@google.com.au,Female
7,Finn,Gerretsen,fgerretsen6@hao123.com,Male
8,Brett,Millberg,bmillberg7@macromedia.com,Male
9,Egon,Bourhill,ebourhill8@cbc.ca,Male
10,Lilias,Bebbington,lbebbington9@mtv.com,Female
11,Dannel,Tillot,dtillota@issuu.com,Male
12,Carmelle,Rey,creyb@tmall.com,Female
13,Seymour,Leverson,sleversonc@samsung.com,Male
14,Justino,Meys,jmeysd@wp.com,Male
15,Elisha,Ager,eagere@theatlantic.com,Female
16,Lincoln,Crosetto,lcrosettof@zdnet.com,Male
17,Ingeborg,Bunyard,ibunyardg@flickr.com,Female
18,Elmore,Goghin,egoghinh@google.ca,Genderqueer
19,Jonathan,Buske,jbuskei@mysql.com,Male
20,Brose,Knagges,bknaggesj@buzzfeed.com,Male
21,Kassi,Roland,krolandk@ifeng.com,Female
22,Osgood,Burkin,oburkinl@google.pl,Male
23,Hesther,Querree,hquerreem@mapy.cz,Female
24,Riley,Argue,rarguen@goodreads.com,Male
25,Sheba,Henryson,shenrysono@tripadvisor.com,Female
